<?xml version="1.0" encoding="UTF-8"?>
<!DOCTYPE mapper

PUBLIC "-//mybatis.org//DTD Mapper 3.0//EN"

"http://mybatis.org/dtd/mybatis-3-mapper.dtd">

<mapper namespace="board-mapper">
	<!--데이터 삽입-->
	<insert id="create">
		insert into board (title, content, writer) values(#{title}, #{content},#{writer})
	</insert>

	<!--행 검색 -->
	<select id="read" resultType="domain.BoardVO">
		select * from board where bno=#{bno}
	</select>
	
	<!--행수정-->
	<update id="update">
		update board set title=#{title}, content=#{content} where bno=#{bno}
	</update>
	
	<!--행삭제-->
	<delete id="delete">
		delete from board where bno=#{bno}
	</delete>
	
	<!--행 전체 조회-->
	<select id="listAll" resultType="domain.BoardVO">
		select * from board order by bno desc, regdate desc
	</select>
	
	<!--
	bno 최대 구하기
	<select id="getMaxBno" resultType="Integer">
		select max(bno) from board
	</select>
	-->
 </mapper>