<?xml version="1.0" encoding="UTF-8"?>
<beans xmlns="http://www.springframework.org/schema/beans"
	xmlns:xsi="http://www.w3.org/2001/XMLSchema-instance"
	xmlns:context="http://www.springframework.org/schema/context"
	xmlns:mybatis-spring="http://mybatis.org/schema/mybatis-spring"
	xmlns:aop="http://www.springframework.org/schema/aop"
	xmlns:tx="http://www.springframework.org/schema/tx"
	xsi:schemaLocation="http://mybatis.org/schema/mybatis-spring http://mybatis.org/schema/mybatis-spring-1.2.xsd
		http://www.springframework.org/schema/beans http://www.springframework.org/schema/beans/spring-beans.xsd
		http://www.springframework.org/schema/context http://www.springframework.org/schema/context/spring-context-4.3.xsd
		http://www.springframework.org/schema/aop http://www.springframework.org/schema/aop/spring-aop-4.3.xsd
		http://www.springframework.org/schema/tx http://www.springframework.org/schema/tx/spring-tx-4.3.xsd">
	
	<!-- Root Context: defines shared resources visible to all other web components -->
		
	<bean id="dataSource" class="org.springframework.jdbc.datasource.DriverManagerDataSource">
	    <property name="driverClassName" value="oracle.jdbc.driver.OracleDriver"></property> 
	    <property name="url" value="jdbc:oracle:thin:@localhost:1521:xe"></property>
	    <property name="username" value="university"></property>
	    <property name="password" value="1234"></property>
	</bean>	
	
	<!-- sqlSessionFactory -->


	<bean id="sqlSessionFactory" class="org.mybatis.spring.SqlSessionFactoryBean">
	    <property name="dataSource" ref="dataSource"></property>
	    <property name="configLocation" value="classpath:/mybatis-config.xml"></property>
	    <property name="mapperLocations" value="classpath:mapper/**/*mapper.xml"></property>
	</bean>
	
	<!-- sqlSessionTemplate -->
	<bean id="sqlSession" class="org.mybatis.spring.SqlSessionTemplate"
	    destroy-method="clearCache">
	    <constructor-arg name="sqlSessionFactory" ref="sqlSessionFactory"></constructor-arg>
	</bean>
	
	<!-- persistence 패키지를 자동으로 인식 -->
	<context:component-scan base-package="persistence"/>
	
</beans>
